image,split,label,source
001.jpg,train,medium,relabel
002.png,train,medium,relabel
004.jpg,train,low,relabel
005.png,test,medium,relabel
006.jpg,val,medium,relabel
007.jpg,train,empty,relabel
008.jpg,train,medium,relabel
010.jpg,test,medium,relabel
011.jpg,train,medium,relabel
012.jpg,train,medium,relabel
013.jpg,train,medium,relabel
016.jpg,test,medium,relabel
017.jpg,train,medium,relabel
018.jpg,train,low,relabel
019.jpg,train,medium,relabel
020.jpg,train,medium,relabel
021.jpg,val,medium,relabel
022.jpg,train,medium,relabel
023.jpg,train,medium,relabel
024.jpg,test,medium,relabel
025.jpg,train,low,relabel
026.jpg,train,low,relabel
027.jpg,val,low,relabel
028.jpg,test,low,relabel
029.jpg,train,medium,relabel
030.jpg,test,medium,relabel
032.jpg,test,medium,relabel
033.jpg,val,medium,relabel
034.jpg,train,medium,relabel
035.jpg,val,medium,relabel
036.jpg,train,medium,relabel
037.jpg,train,medium,relabel
038.jpg,train,medium,relabel
039.jpg,test,medium,relabel
040.jpg,train,medium,relabel
041.jpg,test,medium,relabel
042.jpg,train,medium,relabel
043.jpg,val,medium,relabel
044.jpg,val,medium,relabel
045.jpg,train,medium,relabel
046.jpg,train,medium,relabel
047.jpg,train,medium,relabel
048.jpg,train,low,relabel
049.jpg,train,medium,relabel
051.jpg,train,medium,relabel
052.jpg,train,medium,relabel
053.jpg,test,medium,relabel
054.jpg,test,medium,relabel
055.jpg,train,medium,relabel
056.jpg,train,medium,relabel
057.jpg,val,medium,relabel
058.jpg,train,medium,relabel
059.jpg,train,medium,relabel
060.jpg,test,medium,relabel
061.jpg,test,medium,relabel
062.jpg,train,medium,relabel
063.jpg,train,low,relabel
064.jpg,train,medium,relabel
065.jpg,train,medium,relabel
066.jpg,train,medium,relabel
067.jpg,train,low,relabel
068.jpg,train,medium,relabel
069.jpg,train,low,relabel
070.jpg,test,low,relabel
071.jpg,val,medium,relabel
072.jpg,train,low,relabel
074.jpg,train,low,relabel
075.jpg,train,medium,relabel
076.jpg,train,low,relabel
077.jpg,train,medium,relabel
079.jpg,train,low,relabel
080.jpg,test,low,relabel
081.jpg,test,medium,relabel
082.jpg,train,medium,relabel
083.jpg,val,low,relabel
084.jpg,train,medium,relabel
085.jpg,train,low,relabel
086.jpg,train,low,relabel
089.jpg,train,medium,relabel
090.jpg,train,low,relabel
091.jpg,train,medium,relabel
092.jpg,train,medium,relabel
093.jpg,train,medium,relabel
094.jpg,train,medium,relabel
096.jpg,train,medium,relabel
098.jpg,val,low,relabel
099.jpg,train,medium,relabel
100.jpg,train,medium,relabel
1001.png,train,low,relabel
1006.jpg,train,low,relabel
1008.jpg,train,low,relabel
101.jpg,train,medium,relabel
1014.jpg,train,medium,relabel
1015.jpg,train,medium,relabel
1016.jpg,train,medium,relabel
1017.jpg,test,medium,relabel
1018.jpg,val,medium,relabel
1019.jpg,train,medium,relabel
102.jpg,train,high,relabel
1020.jpg,train,medium,relabel
1021.jpg,test,medium,relabel
1022.jpg,train,medium,relabel
1023.jpg,train,medium,relabel
1024.jpg,train,medium,relabel
1025.jpg,train,medium,relabel
1026.jpg,val,medium,relabel
1027.jpg,train,medium,relabel
1028.jpg,train,medium,relabel
1029.jpg,train,medium,relabel
103.jpg,train,low,relabel
1030.jpg,train,medium,relabel
1032.jpg,train,medium,relabel
1033.jpg,val,medium,relabel
1034.jpg,train,low,relabel
1036.jpg,val,low,relabel
1037.jpg,train,low,relabel
1038.jpg,train,medium,relabel
104.jpg,val,medium,relabel
1040.jpg,train,low,relabel
1041.jpg,val,low,relabel
1042.jpg,train,medium,relabel
1043.jpg,train,medium,relabel
1044.jpg,train,medium,relabel
1045.jpg,train,medium,relabel
1047.jpg,train,medium,relabel
1048.jpg,train,medium,relabel
1049.jpg,test,medium,relabel
105.jpg,val,medium,relabel
1050.jpg,test,low,relabel
1051.jpg,train,medium,relabel
1052.jpg,train,medium,relabel
1053.jpg,val,medium,relabel
1054.jpg,test,low,relabel
1055.jpg,train,low,relabel
1056.jpg,test,low,relabel
1057.jpg,train,low,relabel
1058.jpg,train,low,relabel
106.jpeg,train,empty,relabel
1060.jpg,train,low,relabel
1061.jpg,train,low,relabel
1062.jpg,val,medium,relabel
1063.jpg,train,medium,relabel
1064.jpg,test,medium,relabel
1065.jpg,val,low,relabel
1066.jpg,train,medium,relabel
1068.jpg,train,medium,relabel
1069.jpg,train,medium,relabel
107.jpg,val,high,relabel
1070.jpg,val,medium,relabel
1071.jpg,train,medium,relabel
1072.jpg,val,medium,relabel
1073.jpg,train,medium,relabel
1078.jpg,test,medium,relabel
1079.jpg,test,medium,relabel
108.jpg,test,high,relabel
1080.jpg,train,medium,relabel
1081.jpg,train,medium,relabel
1082.jpg,train,medium,relabel
1083.jpg,val,medium,relabel
1085.jpg,test,medium,relabel
1086.jpg,train,low,relabel
1087.jpg,test,low,relabel
1088.jpg,train,medium,relabel
1089.jpg,train,medium,relabel
109.jpg,train,high,relabel
1090.jpg,train,low,relabel
1091.jpg,train,low,relabel
1092.jpg,train,low,relabel
1093.jpg,train,low,relabel
1094.jpg,train,low,relabel
1095.jpg,train,low,relabel
1096.jpg,train,low,relabel
1097.jpg,val,low,relabel
1098.jpg,train,low,relabel
111.jpeg,train,empty,relabel
113.jpeg,test,empty,relabel
114.jpg,train,empty,relabel
115.jpeg,train,empty,relabel
116.jpg,train,high,relabel
117.jpeg,val,high,relabel
118.jpeg,train,high,relabel
119.jpeg,train,high,relabel
120.jpg,train,high,relabel
121.jpg,train,high,relabel
122.jpeg,train,high,relabel
123.jpg,train,high,relabel
124.jpeg,test,high,relabel
125.jpg,train,high,relabel
126.jpeg,train,high,relabel
127.jpg,val,high,relabel
128.jpg,train,high,relabel
129.jpeg,train,high,relabel
130.jpg,train,high,relabel
131.jpeg,train,high,relabel
132.jpg,train,high,relabel
133.jpeg,train,high,relabel
134.jpg,train,high,relabel
135.jpeg,test,high,relabel
136.jpg,train,high,relabel
137.jpeg,test,high,relabel
138.jpg,train,high,relabel
139.jpeg,train,high,relabel
140.jpeg,train,high,relabel
141.jpeg,train,high,relabel
142.jpg,train,high,relabel
143.jpeg,train,high,relabel
144.jpg,train,empty,relabel
145.jpeg,val,high,relabel
146.jpg,train,empty,relabel
147.jpg,val,empty,relabel
148.jpeg,train,high,relabel
149.jpg,train,empty,relabel
150.jpeg,train,high,relabel
151.jpg,train,high,relabel
152.jpeg,train,high,relabel
153.jpg,test,high,relabel
154.jpeg,train,high,relabel
155.jpg,val,high,relabel
156.jpeg,train,high,relabel
157.jpeg,val,high,relabel
158.jpg,train,empty,relabel
159.jpeg,train,high,relabel
160.jpg,train,empty,relabel
161.jpeg,test,high,relabel
162.jpg,train,high,relabel
163.jpeg,train,high,relabel
164.jpg,test,empty,relabel
165.jpeg,train,high,relabel
166.jpeg,test,high,relabel
167.jpeg,train,high,relabel
168.jpg,train,high,relabel
169.jpeg,train,high,relabel
170.jpg,test,empty,json_fallback
171.jpeg,train,high,relabel
172.jpg,val,empty,json_fallback
173.jpeg,val,high,relabel
175.jpeg,test,empty,relabel
177.jpeg,train,high,relabel
178.jpg,test,empty,relabel
179.jpg,train,empty,relabel
181.jpg,test,high,relabel
183.jpg,train,empty,relabel
185.jpg,train,empty,relabel
187.jpeg,train,empty,relabel
188.jpg,train,empty,relabel
189.jpg,train,high,relabel
190.jpg,train,high,relabel
191.jpg,train,high,relabel
194.jpg,train,high,relabel
196.jpg,test,empty,relabel
198.jpg,val,empty,relabel
199.jpeg,train,high,relabel
200.jpg,train,empty,relabel
201.jpg,train,high,relabel
202.jpg,train,empty,relabel
206.jpg,train,empty,relabel
207.jpg,train,empty,relabel
209.jpeg,train,high,relabel
210.jpg,train,empty,relabel
211.png,train,empty,relabel
212.jpeg,test,high,relabel
213.png,train,high,relabel
216.jpg,train,high,relabel
218.jpeg,train,high,relabel
219.jpg,train,empty,relabel
220.png,train,high,relabel
221.jpg,train,high,relabel
230.jpeg,test,high,relabel
231.jpg,train,empty,relabel
233.jpeg,train,high,relabel
239.jpeg,val,high,relabel
240.jpg,train,empty,relabel
241.jpg,train,empty,relabel
246.jpeg,train,high,relabel
248.jpeg,train,high,relabel
249.jpg,train,empty,relabel
254.jpg,val,empty,relabel
257.jpg,val,empty,relabel
258.jpeg,train,high,relabel
259.jpg,train,empty,relabel
260.png,train,high,relabel
261.jpg,train,empty,relabel
263.jpg,train,empty,relabel
264.jpeg,test,high,relabel
269.jpg,val,high,relabel
270.jpg,val,high,relabel
271.jpg,train,medium,relabel
272.png,val,high,relabel
273.jpg,train,high,relabel
274.jpg,train,high,relabel
277.jpg,test,empty,relabel
281.png,test,high,relabel
282.png,val,empty,relabel
283.jpeg,train,high,relabel
284.jpg,train,empty,relabel
286.jpg,val,empty,relabel
287.jpg,test,empty,relabel
289.jpg,train,high,relabel
290.jpg,train,high,relabel
291.jpeg,train,high,relabel
292.jpeg,test,high,relabel
293.jpg,train,empty,relabel
294.jpg,train,empty,relabel
296.jpg,test,empty,relabel
297.jpg,train,empty,relabel
298.jpg,test,empty,relabel
299.jpg,train,high,relabel
300.jpg,train,empty,relabel
3000.jpg,val,empty,json_fallback
3001.jpg,test,empty,json_fallback
3002.jpg,train,empty,json_fallback
3003.jpg,val,empty,json_fallback
3004.jpg,train,empty,json_fallback
3005.jpg,val,empty,json_fallback
3006.jpg,test,empty,json_fallback
3007.jpg,val,empty,json_fallback
3008.jpg,train,empty,json_fallback
3009.jpg,train,empty,json_fallback
301.jpeg,train,high,relabel
3010.jpg,train,empty,json_fallback
3011.jpg,val,empty,json_fallback
3012.jpg,test,empty,json_fallback
3013.jpg,train,empty,json_fallback
3014.jpg,train,empty,json_fallback
3015.jpg,train,empty,json_fallback
3016.jpg,train,empty,json_fallback
3017.jpg,val,empty,json_fallback
3018.jpg,val,empty,json_fallback
3019.jpg,train,empty,json_fallback
302.jpg,test,empty,relabel
3020.jpg,train,empty,json_fallback
3021.jpg,train,empty,json_fallback
3022.jpg,train,high,json_fallback
3023.jpg,test,high,json_fallback
3024.jpg,train,high,json_fallback
3025.jpg,train,high,json_fallback
3026.jpg,train,high,json_fallback
3027.jpg,train,high,json_fallback
3028.jpg,train,high,json_fallback
3029.jpg,train,high,json_fallback
303.jpg,train,empty,relabel
3030.jpg,val,high,json_fallback
3031.jpg,train,high,json_fallback
3032.jpg,test,high,json_fallback
3033.jpg,train,high,json_fallback
3034.jpg,test,high,json_fallback
3035.jpg,train,high,json_fallback
3036.jpg,train,high,json_fallback
3037.jpg,train,high,json_fallback
3038.jpg,train,empty,json_fallback
3039.jpg,train,empty,json_fallback
304.jpeg,train,high,relabel
3040.jpg,train,empty,json_fallback
3041.jpg,train,empty,json_fallback
3042.jpg,test,empty,json_fallback
3044.jpg,val,empty,json_fallback
3045.jpg,test,empty,json_fallback
3046.jpg,train,empty,json_fallback
3047.jpg,val,empty,json_fallback
3048.jpg,train,empty,json_fallback
3049.jpg,train,empty,json_fallback
305.jpg,train,empty,relabel
3058.jpg,train,empty,json_fallback
306.jpg,train,medium,relabel
3061.jpg,train,empty,json_fallback
3062.jpg,train,high,json_fallback
3064.jpg,val,high,json_fallback
3067.jpg,train,empty,json_fallback
3069.jpg,train,empty,json_fallback
307.jpg,train,empty,relabel
3070.jpg,train,high,json_fallback
3071.jpg,val,high,json_fallback
3072.jpg,train,high,json_fallback
3073.jpg,train,empty,json_fallback
3074.jpg,train,high,json_fallback
3075.jpg,test,high,json_fallback
3076.jpg,train,empty,json_fallback
3077.jpg,train,empty,json_fallback
3078.jpg,train,high,json_fallback
3079.jpg,train,empty,json_fallback
308.jpg,train,empty,relabel
3080.jpg,val,low,relabel
3081.jpg,train,high,json_fallback
3082.jpg,test,high,json_fallback
3083.jpg,train,high,json_fallback
3084.jpg,val,empty,json_fallback
3085.jpg,test,low,relabel
3087.jpg,test,empty,json_fallback
3088.jpg,train,high,json_fallback
3089.jpg,val,high,json_fallback
309.jpeg,train,high,relabel
3091.jpg,test,high,json_fallback
3093.jpg,train,empty,json_fallback
3095.jpg,train,high,json_fallback
3096.jpg,val,high,json_fallback
3097.jpg,train,high,json_fallback
3099.jpg,train,empty,json_fallback
310.jpg,test,empty,relabel
3100.jpg,val,empty,json_fallback
3101.jpg,test,high,json_fallback
3102.jpg,test,high,json_fallback
3103.jpg,val,high,json_fallback
3105.jpg,test,high,json_fallback
3106.jpg,train,high,json_fallback
3107.jpg,train,high,json_fallback
3108.jpg,train,high,json_fallback
3109.jpg,train,empty,json_fallback
311.jpg,train,high,relabel
3110.jpg,train,empty,json_fallback
3111.jpg,train,empty,json_fallback
3112.jpg,train,empty,json_fallback
3113.jpg,val,empty,json_fallback
3114.jpg,train,empty,json_fallback
3115.jpg,train,empty,json_fallback
3116.jpg,test,empty,json_fallback
3117.jpg,test,empty,json_fallback
3118.jpg,test,empty,json_fallback
3119.jpg,train,empty,json_fallback
312.jpeg,test,empty,relabel
3120.jpg,train,empty,json_fallback
3121.jpg,val,high,json_fallback
3122.jpg,train,high,json_fallback
3123.jpg,train,high,relabel
3124.jpg,train,high,json_fallback
3125.jpg,train,high,json_fallback
3126.jpg,train,high,json_fallback
3127.jpg,train,high,json_fallback
3128.jpg,val,high,json_fallback
3129.jpg,val,high,json_fallback
313.jpg,val,empty,relabel
3130.jpg,val,high,json_fallback
3131.jpg,train,high,json_fallback
3132.jpg,train,high,json_fallback
3133.jpg,train,high,json_fallback
3134.jpg,test,high,json_fallback
3135.jpg,train,empty,json_fallback
3136.jpg,val,empty,json_fallback
3137.jpg,test,empty,json_fallback
3138.jpg,train,empty,json_fallback
3139.jpg,train,empty,json_fallback
314.jpg,train,empty,relabel
3140.jpg,train,empty,json_fallback
3141.jpg,train,empty,json_fallback
3142.jpg,test,empty,json_fallback
3143.jpg,train,empty,json_fallback
3144.jpg,train,empty,json_fallback
3145.jpg,train,empty,json_fallback
3146.jpg,train,empty,json_fallback
3147.jpg,train,empty,json_fallback
3148.jpg,train,empty,json_fallback
3149.jpg,train,empty,json_fallback
315.jpg,val,high,relabel
3150.png,train,empty,json_fallback
3151.png,train,empty,json_fallback
3152.png,test,empty,json_fallback
3153.png,val,empty,json_fallback
3154.png,train,empty,json_fallback
3155.jpg,val,high,json_fallback
3156.jpg,train,empty,json_fallback
3157.jpg,train,empty,json_fallback
3158.jpg,train,high,json_fallback
316.jpg,test,empty,relabel
3160.jpg,val,high,json_fallback
3161.jpg,train,empty,json_fallback
3162.jpg,train,high,json_fallback
3163.jpg,train,high,json_fallback
3164.jpg,test,empty,json_fallback
3165.jpg,train,high,json_fallback
3166.jpg,train,high,relabel
3167.jpg,train,empty,json_fallback
3168.jpg,train,high,json_fallback
3169.jpg,train,high,json_fallback
317.jpg,train,empty,relabel
3170.jpg,val,empty,json_fallback
3171.jpg,train,empty,json_fallback
3172.jpg,train,empty,json_fallback
3173.jpg,val,empty,json_fallback
3174.jpg,train,empty,json_fallback
3175.jpg,train,high,json_fallback
3176.jpg,test,empty,json_fallback
3177.jpg,train,empty,json_fallback
3178.jpg,train,empty,json_fallback
3179.jpg,train,empty,json_fallback
3180.jpg,train,high,json_fallback
3181.jpg,test,high,json_fallback
3182.jpg,train,high,json_fallback
3183.jpg,train,empty,json_fallback
3184.jpg,train,high,json_fallback
3185.jpg,train,high,json_fallback
3186.jpg,test,high,json_fallback
3187.jpg,val,high,json_fallback
3188.jpg,train,low,relabel
3189.jpg,train,high,json_fallback
319.jpg,val,empty,relabel
3190.jpg,train,empty,json_fallback
3191.jpg,train,high,json_fallback
3192.jpg,train,high,json_fallback
3193.jpg,train,empty,json_fallback
3194.jpg,train,high,json_fallback
3195.jpg,train,high,json_fallback
3196.jpg,train,empty,json_fallback
3197.jpg,val,high,json_fallback
3198.jpg,train,high,relabel
3199.jpg,test,high,json_fallback
320.jpeg,train,high,relabel
3200.jpg,train,high,json_fallback
3201.jpg,train,empty,json_fallback
3202.jpg,train,high,json_fallback
3203.jpg,train,empty,json_fallback
3204.jpg,test,low,relabel
3205.jpg,train,empty,json_fallback
3206.jpg,train,high,json_fallback
3207.jpg,train,high,json_fallback
3208.jpg,train,high,json_fallback
3209.jpg,val,high,json_fallback
3210.jpg,train,high,json_fallback
3211.jpg,val,empty,json_fallback
3212.jpg,train,high,json_fallback
3213.jpg,val,empty,json_fallback
3214.jpg,train,empty,json_fallback
3215.jpg,train,high,relabel
3216.jpg,train,high,json_fallback
3217.jpg,train,high,json_fallback
3218.jpg,train,high,json_fallback
3219.jpg,train,high,json_fallback
3221.jpg,train,high,json_fallback
3222.jpg,train,high,json_fallback
3223.jpg,train,high,json_fallback
3224.jpg,train,high,json_fallback
3225.jpg,train,low,relabel
3226.jpg,train,high,json_fallback
3227.jpg,train,high,json_fallback
3228.jpg,train,empty,json_fallback
3229.jpg,val,high,json_fallback
3231.jpg,train,high,json_fallback
3232.jpg,train,high,json_fallback
3233.jpg,val,high,json_fallback
3234.jpg,train,empty,json_fallback
3235.jpg,test,high,json_fallback
3236.jpg,val,high,json_fallback
3237.jpg,train,empty,json_fallback
3238.jpg,train,empty,json_fallback
3239.jpg,train,high,json_fallback
3240.jpg,train,empty,json_fallback
3241.jpg,train,empty,json_fallback
3243.jpg,train,high,json_fallback
3244.jpg,train,high,json_fallback
3245.jpg,train,medium,relabel
3247.jpg,train,empty,json_fallback
3248.jpg,train,high,json_fallback
3249.jpg,test,empty,json_fallback
3250.jpg,train,high,json_fallback
3251.jpg,train,high,json_fallback
3252.jpg,test,high,json_fallback
3253.jpg,train,empty,json_fallback
3254.jpg,test,empty,json_fallback
3255.jpg,train,high,json_fallback
3256.jpg,train,low,relabel
3257.jpg,train,high,json_fallback
3258.jpg,train,high,json_fallback
3259.jpg,val,empty,json_fallback
3260.jpg,test,empty,json_fallback
3261.jpg,train,empty,json_fallback
3262.jpg,val,high,json_fallback
3263.jpg,train,high,json_fallback
3264.jpg,train,high,json_fallback
3265.jpg,train,high,json_fallback
3266.jpg,test,high,json_fallback
3267.jpg,val,high,json_fallback
3268.jpg,train,high,json_fallback
3269.jpg,train,high,json_fallback
3270.jpg,train,empty,json_fallback
3271.jpg,train,high,json_fallback
3272.jpg,test,high,json_fallback
3273.jpg,test,high,json_fallback
3275.jpg,val,high,json_fallback
3276.jpg,train,empty,json_fallback
3277.jpg,train,high,json_fallback
3278.jpg,train,high,json_fallback
3279.jpg,train,empty,json_fallback
3280.jpg,val,empty,json_fallback
3281.jpg,train,empty,json_fallback
3282.jpg,test,empty,json_fallback
3283.jpg,train,high,json_fallback
3284.jpg,train,empty,json_fallback
3285.jpg,train,high,json_fallback
3286.jpg,test,empty,json_fallback
3287.jpg,train,high,json_fallback
3288.jpg,val,high,json_fallback
3290.jpg,test,high,json_fallback
3291.jpg,val,empty,json_fallback
3292.jpg,train,empty,json_fallback
3293.jpg,train,empty,json_fallback
3294.jpg,val,empty,json_fallback
3295.jpg,train,empty,json_fallback
3296.jpg,train,empty,json_fallback
3297.jpg,train,empty,json_fallback
3298.jpg,test,empty,json_fallback
3299.jpg,test,empty,json_fallback
3300.jpg,train,empty,json_fallback
3301.jpg,val,empty,json_fallback
3302.jpg,train,empty,json_fallback
3303.jpg,val,empty,json_fallback
3304.jpg,train,empty,json_fallback
3305.jpg,train,empty,json_fallback
3306.jpg,train,empty,json_fallback
3307.jpg,train,empty,json_fallback
3308.jpg,train,empty,json_fallback
3309.jpg,train,empty,json_fallback
3310.jpg,train,empty,json_fallback
3311.jpg,val,empty,json_fallback
3312.jpg,train,empty,json_fallback
3313.jpg,train,empty,json_fallback
3314.jpg,train,empty,json_fallback
3315.jpg,val,empty,json_fallback
3316.jpg,train,empty,json_fallback
3317.jpg,train,empty,json_fallback
3318.jpg,train,empty,json_fallback
3319.jpg,test,empty,json_fallback
3320.jpg,val,empty,json_fallback
3321.jpg,test,empty,json_fallback
3322.jpg,train,empty,json_fallback
3323.jpg,train,empty,json_fallback
3324.jpg,train,empty,json_fallback
3325.jpg,train,high,json_fallback
3326.jpg,test,high,json_fallback
3327.jpg,train,high,json_fallback
3328.jpg,val,high,json_fallback
3329.jpg,val,high,json_fallback
3330.jpg,train,high,json_fallback
3331.jpg,test,high,json_fallback
3332.jpg,train,high,json_fallback
3333.jpg,train,high,json_fallback
3334.jpg,train,high,json_fallback
3335.jpg,test,high,json_fallback
3336.jpg,val,high,json_fallback
3337.jpg,train,high,json_fallback
3338.jpg,train,high,json_fallback
3339.jpg,train,high,json_fallback
3340.jpg,val,high,json_fallback
3341.jpg,test,high,json_fallback
3342.jpg,train,high,json_fallback
3343.jpg,train,high,json_fallback
3344.jpg,train,high,json_fallback
3345.jpg,train,high,json_fallback
3346.jpg,val,high,json_fallback
3347.jpg,train,high,json_fallback
3348.jpg,train,high,json_fallback
3349.jpg,train,high,json_fallback
3350.jpg,train,high,json_fallback
3351.jpg,test,high,json_fallback
3352.jpg,train,high,json_fallback
3353.jpg,train,high,json_fallback
3354.jpg,train,high,json_fallback
3355.jpg,train,high,json_fallback
3356.jpg,test,high,json_fallback
3357.jpg,val,high,json_fallback
3358.jpg,train,high,json_fallback
3359.jpg,train,high,json_fallback
3360.jpg,train,high,json_fallback
3361.jpg,test,high,json_fallback
3362.jpg,train,high,json_fallback
3363.jpg,test,high,json_fallback
3364.jpg,val,high,json_fallback
3365.jpg,train,high,json_fallback
3366.jpg,train,high,json_fallback
3367.jpg,train,high,json_fallback
3368.jpg,train,high,json_fallback
3369.jpg,test,high,json_fallback
3370.jpg,train,high,json_fallback
3371.jpg,train,high,json_fallback
3372.jpg,val,high,relabel
3373.jpg,train,high,json_fallback
3374.jpg,val,high,json_fallback
3375.jpg,train,high,json_fallback
3376.jpg,train,high,json_fallback
3377.jpg,train,high,json_fallback
3378.jpg,test,high,json_fallback
3379.jpg,train,high,json_fallback
3380.jpg,train,high,json_fallback
3381.jpg,train,high,json_fallback
3382.jpg,train,high,json_fallback
3383.jpg,test,high,json_fallback
3384.jpg,test,high,json_fallback
3385.jpg,train,high,json_fallback
3386.jpg,train,high,json_fallback
3387.jpg,train,high,json_fallback
3388.jpg,train,high,json_fallback
3389.jpg,train,empty,json_fallback
3390.jpg,train,empty,json_fallback
3391.jpg,train,empty,json_fallback
3392.jpg,train,empty,json_fallback
3393.jpg,train,empty,json_fallback
3394.jpg,train,empty,json_fallback
3395.jpg,train,empty,json_fallback
3396.jpg,train,empty,json_fallback
3397.jpg,train,empty,json_fallback
3398.jpg,test,empty,json_fallback
3399.jpg,train,empty,json_fallback
3400.jpg,train,empty,json_fallback
3401.jpg,val,empty,json_fallback
3402.jpg,train,empty,json_fallback
3403.jpg,train,empty,json_fallback
3404.jpg,test,empty,json_fallback
3405.jpg,val,empty,json_fallback
3406.jpg,train,empty,json_fallback
3407.jpg,train,empty,json_fallback
3408.jpg,train,empty,json_fallback
3409.jpg,train,empty,json_fallback
3410.jpg,train,empty,json_fallback
3411.jpg,train,empty,json_fallback
3412.jpg,train,empty,json_fallback
3413.jpg,train,empty,json_fallback
3414.jpg,train,empty,json_fallback
3415.jpg,train,empty,json_fallback
3416.jpg,train,empty,json_fallback
3417.jpg,train,empty,json_fallback
3418.jpg,train,empty,json_fallback
3419.jpg,train,empty,json_fallback
3420.jpg,train,empty,json_fallback
3421.jpg,train,empty,json_fallback
3422.jpg,train,empty,json_fallback
3423.jpg,train,empty,json_fallback
3424.jpg,train,empty,json_fallback
3425.jpg,val,empty,json_fallback
3426.jpg,train,empty,json_fallback
3427.jpg,test,empty,json_fallback
3428.jpg,train,empty,json_fallback
3429.jpg,val,empty,json_fallback
3430.jpg,val,empty,json_fallback
3431.jpg,train,empty,json_fallback
3432.jpg,val,empty,json_fallback
3433.jpg,train,empty,json_fallback
3434.jpg,train,empty,json_fallback
3435.jpg,train,empty,json_fallback
3436.jpg,train,empty,json_fallback
3437.jpg,train,empty,json_fallback
3438.jpg,train,empty,json_fallback
3439.jpg,train,empty,json_fallback
3440.jpg,train,empty,json_fallback
3441.jpg,train,empty,json_fallback
3442.jpg,train,empty,json_fallback
3443.jpg,test,empty,json_fallback
3444.jpg,val,empty,json_fallback
3445.jpg,train,empty,json_fallback
3446.jpg,train,empty,json_fallback
3447.jpg,train,empty,json_fallback
3448.jpg,test,empty,json_fallback
3449.png,train,empty,json_fallback
3450.png,train,empty,json_fallback
3451.png,val,empty,json_fallback
3452.png,train,empty,json_fallback
3453.png,train,empty,json_fallback
3454.png,val,empty,json_fallback
3455.png,train,empty,json_fallback
3456.png,test,empty,json_fallback
3457.png,train,empty,json_fallback
3458.png,train,empty,json_fallback
3459.png,train,empty,json_fallback
3460.png,val,empty,json_fallback
3461.png,train,high,json_fallback
3462.png,train,high,json_fallback
3463.png,train,low,relabel
3464.png,train,empty,json_fallback
3465.png,train,high,json_fallback
3466.png,test,high,json_fallback
3467.png,train,high,json_fallback
3468.png,train,high,json_fallback
3469.png,train,high,json_fallback
3470.png,train,high,json_fallback
3471.png,train,high,json_fallback
3473.png,test,high,json_fallback
3474.png,train,high,json_fallback
3475.png,val,high,json_fallback
3476.png,train,empty,json_fallback
3477.png,train,high,json_fallback
3478.png,train,high,json_fallback
3479.png,train,high,json_fallback
3480.png,train,high,json_fallback
3481.png,train,high,json_fallback
3482.png,train,high,json_fallback
3483.png,train,high,json_fallback
3484.png,train,high,json_fallback
3485.png,val,high,json_fallback
3486.png,test,high,json_fallback
3487.png,train,high,json_fallback
3489.png,val,high,json_fallback
3490.png,test,high,json_fallback
3491.png,train,empty,json_fallback
3492.png,train,high,json_fallback
3493.png,test,high,json_fallback
3494.png,val,high,json_fallback
3495.png,train,empty,json_fallback
3496.png,test,empty,json_fallback
3497.png,train,empty,json_fallback
3498.png,train,high,json_fallback
3499.png,train,empty,json_fallback
3500.png,train,empty,json_fallback
3501.png,train,empty,json_fallback
3502.png,train,empty,json_fallback
3503.png,train,high,json_fallback
3504.png,train,high,json_fallback
3505.png,test,empty,json_fallback
500.jpg,train,low,relabel
501.jpg,test,high,json_fallback
503.jpg,test,medium,relabel
505.jpg,train,low,relabel
506.jpg,val,low,relabel
507.jpg,train,low,relabel
508.jpg,train,medium,relabel
509.jpg,train,high,relabel
511.jpg,train,low,relabel
512.jpg,train,medium,relabel
513.jpg,train,medium,relabel
514.jpg,train,medium,relabel
515.jpg,train,medium,relabel
519.jpg,val,medium,relabel
521.jpg,test,high,json_fallback
522.jpg,train,high,json_fallback
523.jpg,val,high,json_fallback
524.jpg,train,high,json_fallback
525.jpg,val,high,json_fallback
526.jpg,val,high,json_fallback
529.jpg,train,high,json_fallback
530.jpg,train,high,json_fallback
532.jpg,train,medium,relabel
533.jpg,train,low,relabel
534.jpg,train,low,relabel
535.jpg,train,low,relabel
536.jpg,train,low,relabel
537.jpg,test,low,relabel
539.jpg,train,low,relabel
540.jpg,train,low,relabel
541.jpg,train,low,relabel
542.jpg,train,empty,json_fallback
543.jpg,train,medium,relabel
544.jpg,val,medium,relabel
547.jpg,train,high,json_fallback
548.jpg,train,empty,json_fallback
549.jpg,val,low,relabel
550.jpg,val,low,relabel
551.jpg,test,low,relabel
552.jpg,train,low,relabel
554.jpg,train,medium,relabel
555.jpg,train,high,json_fallback
556.jpg,train,medium,relabel
559.jpg,test,low,relabel
562.jpg,train,low,relabel
563.jpg,test,low,relabel
564.jpg,train,low,relabel
566.jpg,train,high,json_fallback
567.jpg,train,medium,relabel
568.jpg,train,low,relabel
569.jpg,train,low,relabel
570.jpg,val,empty,json_fallback
571.jpg,test,low,relabel
575.jpg,train,low,relabel
576.jpg,train,low,relabel
577.jpg,train,empty,json_fallback
578.jpg,test,empty,json_fallback
579.jpg,train,empty,json_fallback
580.jpg,val,empty,json_fallback
581.jpg,val,low,relabel
582.jpg,test,empty,json_fallback
583.jpg,train,empty,json_fallback
584.jpg,train,empty,json_fallback
585.jpg,test,empty,json_fallback
586.jpg,test,empty,json_fallback
587.jpg,train,empty,json_fallback
588.jpg,train,empty,json_fallback
589.jpg,train,empty,json_fallback
590.jpg,train,empty,json_fallback
591.jpg,train,empty,json_fallback
592.jpg,train,empty,json_fallback
