image,new_label,note
001.jpg,medium,
002.png,medium,
003.jpg,invalid,
004.jpg,low,
005.png,medium,
006.jpg,medium,
007.jpg,empty,
008.jpg,medium,
009.jpg,invalid,
010.jpg,medium,
011.jpg,medium,
012.jpg,medium,
013.jpg,medium,
014.jpg,invalid,
015.jpg,invalid,
016.jpg,medium,
017.jpg,medium,
018.jpg,low,
019.jpg,medium,
020.jpg,medium,
021.jpg,medium,
022.jpg,medium,
023.jpg,medium,
024.jpg,medium,
025.jpg,low,
026.jpg,low,
027.jpg,low,
028.jpg,low,
029.jpg,medium,
030.jpg,medium,
031.jpg,invalid,final_review_invalid_or_ambiguous
032.jpg,medium,
033.jpg,medium,
034.jpg,medium,
035.jpg,medium,
036.jpg,medium,
037.jpg,medium,
038.jpg,medium,
039.jpg,medium,
040.jpg,medium,
041.jpg,medium,
042.jpg,medium,
043.jpg,medium,
044.jpg,medium,
045.jpg,medium,
046.jpg,medium,
047.jpg,medium,
048.jpg,low,
049.jpg,medium,
050.jpg,invalid,
051.jpg,medium,
052.jpg,medium,
053.jpg,medium,
054.jpg,medium,
055.jpg,medium,
056.jpg,medium,
057.jpg,medium,
058.jpg,medium,
059.jpg,medium,
060.jpg,medium,
061.jpg,medium,
062.jpg,medium,
063.jpg,low,
064.jpg,medium,
065.jpg,medium,
066.jpg,medium,
067.jpg,low,
068.jpg,medium,
069.jpg,low,
070.jpg,low,
071.jpg,medium,
072.jpg,low,
073.jpg,invalid,
074.jpg,low,
075.jpg,medium,
076.jpg,low,
077.jpg,medium,
078.jpg,invalid,
079.jpg,low,
080.jpg,low,
081.jpg,medium,
082.jpg,medium,
083.jpg,low,
084.jpg,medium,
085.jpg,low,
086.jpg,low,
087.jpg,invalid,
088.jpg,invalid,
089.jpg,medium,
090.jpg,low,
091.jpg,medium,
092.jpg,medium,
093.jpg,medium,
094.jpg,medium,
095.jpg,invalid,
096.jpg,medium,
097.jpg,invalid,
098.jpg,low,
099.jpg,medium,
100.jpg,medium,
1001.png,low,
1002.jpg,invalid,
1003.jpg,invalid,
1004.jpg,invalid,
1005.jpg,invalid,
1006.jpg,low,
1007.jpg,invalid,
1008.jpg,low,
1009.jpg,invalid,
101.jpg,medium,
1010.jpg,invalid,
1011.jpg,invalid,
1012.jpg,invalid,
1013.jpg,invalid,
1014.jpg,medium,
1015.jpg,medium,
1016.jpg,medium,
1017.jpg,medium,
1018.jpg,medium,
1019.jpg,medium,
102.jpg,high,
1020.jpg,medium,
1021.jpg,medium,
1022.jpg,medium,
1023.jpg,medium,
1024.jpg,medium,
1025.jpg,medium,
1026.jpg,medium,
1027.jpg,medium,
1028.jpg,medium,
1029.jpg,medium,
103.jpg,low,
1030.jpg,medium,
1031.jpg,invalid,
1032.jpg,medium,
1033.jpg,medium,
1034.jpg,low,
1036.jpg,low,
1037.jpg,low,
1038.jpg,medium,
1039.jpg,invalid,
104.jpg,medium,
1040.jpg,low,
1041.jpg,low,
1042.jpg,medium,
1043.jpg,medium,
1044.jpg,medium,
1045.jpg,medium,
1046.jpg,invalid,
1047.jpg,medium,
1048.jpg,medium,
1049.jpg,medium,
105.jpg,medium,
1050.jpg,low,
1051.jpg,medium,
1052.jpg,medium,
1053.jpg,medium,
1054.jpg,low,
1055.jpg,low,
1056.jpg,low,
1057.jpg,low,
1058.jpg,low,
1059.jpg,invalid,
106.jpeg,empty,
1060.jpg,low,
1061.jpg,low,
1062.jpg,medium,
1063.jpg,medium,
1064.jpg,medium,
1065.jpg,low,
1066.jpg,medium,
1067.jpg,invalid,
1068.jpg,medium,
1069.jpg,medium,
107.jpg,high,
1070.jpg,medium,
1071.jpg,medium,
1072.jpg,medium,
1073.jpg,medium,
1074.jpg,invalid,
1078.jpg,medium,
1079.jpg,medium,
108.jpg,high,
1080.jpg,medium,
1081.jpg,medium,
1082.jpg,medium,
1083.jpg,medium,
1084.jpg,invalid,
1085.jpg,medium,
1086.jpg,low,
1087.jpg,low,
1088.jpg,medium,
1089.jpg,medium,
109.jpg,high,
1090.jpg,low,
1091.jpg,low,
1092.jpg,low,
1093.jpg,low,
1094.jpg,low,
1095.jpg,low,
1096.jpg,low,
1097.jpg,low,
1098.jpg,low,
110.jpg,invalid,
111.jpeg,empty,
112.jpg,invalid,
113.jpeg,empty,
114.jpg,empty,
115.jpeg,empty,
116.jpg,high,
117.jpeg,high,
118.jpeg,high,
119.jpeg,high,
120.jpg,high,
121.jpg,high,
122.jpeg,high,
123.jpg,high,
124.jpeg,high,
125.jpg,high,
126.jpeg,high,
127.jpg,high,
128.jpg,high,
129.jpeg,high,
130.jpg,high,
131.jpeg,high,
132.jpg,high,
133.jpeg,high,
134.jpg,high,
135.jpeg,high,
136.jpg,high,
137.jpeg,high,
138.jpg,high,
139.jpeg,high,
140.jpeg,high,
141.jpeg,high,
142.jpg,high,
143.jpeg,high,
144.jpg,empty,
145.jpeg,high,
146.jpg,empty,
147.jpg,empty,
148.jpeg,high,
149.jpg,empty,
150.jpeg,high,
151.jpg,high,
152.jpeg,high,
153.jpg,high,
154.jpeg,high,
155.jpg,high,
156.jpeg,high,
157.jpeg,high,
158.jpg,empty,
159.jpeg,high,
160.jpg,empty,
161.jpeg,high,
162.jpg,high,
163.jpeg,high,
164.jpg,empty,
165.jpeg,high,
166.jpeg,high,
167.jpeg,high,
168.jpg,high,
169.jpeg,high,
171.jpeg,high,
173.jpeg,high,
174.jpg,invalid,
175.jpeg,empty,
176.jpg,invalid,
177.jpeg,high,
178.jpg,empty,
179.jpg,empty,
180.jpg,invalid,
181.jpg,high,
182.jpg,invalid,
183.jpg,empty,
184.jpg,invalid,
185.jpg,empty,
186.jpg,invalid,
187.jpeg,empty,
188.jpg,empty,
189.jpg,high,
190.jpg,high,
191.jpg,high,
192.jpg,invalid,
193.jpg,invalid,
194.jpg,high,
195.jpg,invalid,
196.jpg,empty,
197.jpg,invalid,
198.jpg,empty,
199.jpeg,high,
200.jpg,empty,
201.jpg,high,
202.jpg,empty,
203.jpg,invalid,
204.jpg,invalid,
205.jpg,invalid,
206.jpg,empty,
207.jpg,empty,
208.jpg,invalid,
209.jpeg,high,
210.jpg,empty,
211.png,empty,
212.jpeg,high,
213.png,high,
214.jpg,invalid,
215.jpg,invalid,
216.jpg,high,
217.jpg,invalid,
218.jpeg,high,
219.jpg,empty,
220.png,high,
221.jpg,high,
222.jpg,invalid,
223.jpg,invalid,
224.jpg,invalid,
225.jpg,invalid,
226.jpg,invalid,final_review_invalid_or_ambiguous
227.jpg,invalid,
228.jpg,invalid,
229.jpg,invalid,
230.jpeg,high,
231.jpg,empty,
232.jpg,invalid,
233.jpeg,high,
234.jpg,invalid,
235.jpg,invalid,
236.jpg,invalid,
237.jpg,invalid,
238.jpg,invalid,
239.jpeg,high,
240.jpg,empty,
241.jpg,empty,
242.jpg,invalid,
243.jpg,invalid,
244.jpg,invalid,
245.jpg,invalid,
246.jpeg,high,
247.jpg,invalid,
248.jpeg,high,
249.jpg,empty,
250.png,invalid,
251.jpg,invalid,
252.jpg,invalid,
253.jpg,invalid,
254.jpg,empty,
255.jpg,invalid,
256.jpg,invalid,
257.jpg,empty,
258.jpeg,high,
259.jpg,empty,
260.png,high,
261.jpg,empty,
262.jpg,invalid,
263.jpg,empty,
264.jpeg,high,
265.jpg,invalid,
266.jpg,invalid,
267.jpg,invalid,
268.jpg,invalid,
269.jpg,high,
270.jpg,high,
271.jpg,medium,
272.png,high,
273.jpg,high,
274.jpg,high,
275.jpg,invalid,
276.jpg,invalid,
277.jpg,empty,
278.jpg,invalid,
279.jpg,invalid,
280.jpg,invalid,
281.png,high,
282.png,empty,
283.jpeg,high,
284.jpg,empty,
285.jpg,invalid,
286.jpg,empty,
287.jpg,empty,
288.jpg,invalid,
289.jpg,high,
290.jpg,high,
291.jpeg,high,
292.jpeg,high,
293.jpg,empty,
294.jpg,empty,
295.jpg,invalid,
296.jpg,empty,
297.jpg,empty,
298.jpg,empty,
299.jpg,high,
300.jpg,empty,
301.jpeg,high,
302.jpg,empty,
303.jpg,empty,
304.jpeg,high,
305.jpg,empty,
3059.jpg,invalid,
306.jpg,medium,
3060.jpg,invalid,
3068.jpg,invalid,
307.jpg,empty,
308.jpg,empty,
3080.jpg,low,
3085.jpg,low,
309.jpeg,high,
3098.jpg,invalid,
310.jpg,empty,
3104.jpg,invalid,
311.jpg,high,
312.jpeg,empty,
3123.jpg,high,
313.jpg,empty,
314.jpg,empty,
315.jpg,high,
3159.jpg,invalid,
316.jpg,empty,
3166.jpg,high,
317.jpg,empty,
318.jpg,invalid,
3188.jpg,low,
319.jpg,empty,
3198.jpg,high,
320.jpeg,high,
3204.jpg,low,
3215.jpg,high,
3220.jpg,invalid,
3225.jpg,low,
3230.jpg,invalid,
3242.jpg,invalid,
3245.jpg,medium,
3246.jpg,invalid,
3256.jpg,low,
3274.jpg,invalid,
3289.jpg,invalid,
3372.jpg,high,
3463.png,low,
3472.png,invalid,final_review_invalid_or_ambiguous
3488.png,invalid,
500.jpg,low,
502.jpg,invalid,
503.jpg,medium,
504.jpg,invalid,
505.jpg,low,
506.jpg,low,
507.jpg,low,
508.jpg,medium,
509.jpg,high,
510.jpg,invalid,
511.jpg,low,
512.jpg,medium,
513.jpg,medium,
514.jpg,medium,
515.jpg,medium,
516.jpg,invalid,
517.jpg,invalid,
518.jpg,invalid,
519.jpg,medium,
520.jpg,invalid,
527.jpg,invalid,
528.jpg,invalid,
531.jpg,invalid,
532.jpg,medium,
533.jpg,low,
534.jpg,low,
535.jpg,low,
536.jpg,low,
537.jpg,low,
538.jpg,invalid,
539.jpg,low,
540.jpg,low,
541.jpg,low,
543.jpg,medium,
544.jpg,medium,
545.jpg,invalid,
546.jpg,invalid,
549.jpg,low,
550.jpg,low,
551.jpg,low,
552.jpg,low,
553.jpg,invalid,
554.jpg,medium,
556.jpg,medium,
557.jpg,invalid,final_review_invalid_or_ambiguous
558.jpg,invalid,
559.jpg,low,
560.jpg,invalid,
561.jpg,invalid,final_review_invalid_or_ambiguous
562.jpg,low,
563.jpg,low,
564.jpg,low,
565.jpg,invalid,final_review_invalid_or_ambiguous
567.jpg,medium,
568.jpg,low,
569.jpg,low,
571.jpg,low,
572.jpg,invalid,
573.jpg,invalid,
574.jpg,invalid,
575.jpg,low,
576.jpg,low,
581.jpg,low,
