old_stem,new_stem,old_image,new_image,old_json,new_json
3200,3109,3200.jpg,3109.jpg,3200.json,3109.json
3201,3110,3201.jpg,3110.jpg,3201.json,3110.json
3202,3111,3202.jpg,3111.jpg,3202.json,3111.json
3203,3112,3203.jpg,3112.jpg,3203.json,3112.json
3204,3113,3204.jpg,3113.jpg,3204.json,3113.json
3205,3114,3205.jpg,3114.jpg,3205.json,3114.json
3206,3115,3206.jpg,3115.jpg,3206.json,3115.json
3207,3116,3207.jpg,3116.jpg,3207.json,3116.json
3209,3117,3209.jpg,3117.jpg,3209.json,3117.json
3210,3118,3210.jpg,3118.jpg,3210.json,3118.json
3211,3119,3211.jpg,3119.jpg,3211.json,3119.json
3212,3120,3212.jpg,3120.jpg,3212.json,3120.json
3213,3121,3213.jpg,3121.jpg,3213.json,3121.json
3214,3122,3214.jpg,3122.jpg,3214.json,3122.json
3215,3123,3215.jpg,3123.jpg,3215.json,3123.json
3216,3124,3216.jpg,3124.jpg,3216.json,3124.json
3217,3125,3217.jpg,3125.jpg,3217.json,3125.json
3218,3126,3218.jpg,3126.jpg,3218.json,3126.json
3219,3127,3219.jpg,3127.jpg,3219.json,3127.json
3220,3128,3220.jpg,3128.jpg,3220.json,3128.json
3221,3129,3221.jpg,3129.jpg,3221.json,3129.json
3222,3130,3222.jpg,3130.jpg,3222.json,3130.json
3223,3131,3223.jpg,3131.jpg,3223.json,3131.json
3224,3132,3224.jpg,3132.jpg,3224.json,3132.json
3225,3133,3225.jpg,3133.jpg,3225.json,3133.json
3226,3134,3226.jpg,3134.jpg,3226.json,3134.json
3227,3135,3227.jpg,3135.jpg,3227.json,3135.json
3228,3136,3228.jpg,3136.jpg,3228.json,3136.json
3229,3137,3229.jpg,3137.jpg,3229.json,3137.json
3230,3138,3230.jpg,3138.jpg,3230.json,3138.json
3231,3139,3231.jpg,3139.jpg,3231.json,3139.json
3232,3140,3232.jpg,3140.jpg,3232.json,3140.json
3233,3141,3233.jpg,3141.jpg,3233.json,3141.json
3234,3142,3234.jpg,3142.jpg,3234.json,3142.json
3235,3143,3235.jpg,3143.jpg,3235.json,3143.json
3236,3144,3236.jpg,3144.jpg,3236.json,3144.json
3237,3145,3237.jpg,3145.jpg,3237.json,3145.json
3238,3146,3238.jpg,3146.jpg,3238.json,3146.json
3239,3147,3239.jpg,3147.jpg,3239.json,3147.json
3240,3148,3240.jpg,3148.jpg,3240.json,3148.json
3241,3149,3241.jpg,3149.jpg,3241.json,3149.json
3245,3150,3245.png,3150.png,3245.json,3150.json
3246,3151,3246.png,3151.png,3246.json,3151.json
3247,3152,3247.png,3152.png,3247.json,3152.json
3249,3153,3249.png,3153.png,3249.json,3153.json
3250,3154,3250.png,3154.png,3250.json,3154.json
3253,3155,3253.jpg,3155.jpg,3253.json,3155.json
3254,3156,3254.jpg,3156.jpg,3254.json,3156.json
3255,3157,3255.jpg,3157.jpg,3255.json,3157.json
3256,3158,3256.jpg,3158.jpg,3256.json,3158.json
3257,3159,3257.jpg,3159.jpg,3257.json,3159.json
3258,3160,3258.jpg,3160.jpg,3258.json,3160.json
3259,3161,3259.jpg,3161.jpg,3259.json,3161.json
3260,3162,3260.jpg,3162.jpg,3260.json,3162.json
3261,3163,3261.jpg,3163.jpg,3261.json,3163.json
3262,3164,3262.jpg,3164.jpg,3262.json,3164.json
3263,3165,3263.jpg,3165.jpg,3263.json,3165.json
3264,3166,3264.jpg,3166.jpg,3264.json,3166.json
3265,3167,3265.jpg,3167.jpg,3265.json,3167.json
3266,3168,3266.jpg,3168.jpg,3266.json,3168.json
3268,3169,3268.jpg,3169.jpg,3268.json,3169.json
3269,3170,3269.jpg,3170.jpg,3269.json,3170.json
3270,3171,3270.jpg,3171.jpg,3270.json,3171.json
3271,3172,3271.jpg,3172.jpg,3271.json,3172.json
3272,3173,3272.jpg,3173.jpg,3272.json,3173.json
3273,3174,3273.jpg,3174.jpg,3273.json,3174.json
3274,3175,3274.jpg,3175.jpg,3274.json,3175.json
3275,3176,3275.jpg,3176.jpg,3275.json,3176.json
3276,3177,3276.jpg,3177.jpg,3276.json,3177.json
3277,3178,3277.jpg,3178.jpg,3277.json,3178.json
3278,3179,3278.jpg,3179.jpg,3278.json,3179.json
3279,3180,3279.jpg,3180.jpg,3279.json,3180.json
3280,3181,3280.jpg,3181.jpg,3280.json,3181.json
3281,3182,3281.jpg,3182.jpg,3281.json,3182.json
3282,3183,3282.jpg,3183.jpg,3282.json,3183.json
3283,3184,3283.jpg,3184.jpg,3283.json,3184.json
3284,3185,3284.jpg,3185.jpg,3284.json,3185.json
3285,3186,3285.jpg,3186.jpg,3285.json,3186.json
3286,3187,3286.jpg,3187.jpg,3286.json,3187.json
3288,3188,3288.jpg,3188.jpg,3288.json,3188.json
3289,3189,3289.jpg,3189.jpg,3289.json,3189.json
3290,3190,3290.jpg,3190.jpg,3290.json,3190.json
3291,3191,3291.jpg,3191.jpg,3291.json,3191.json
3292,3192,3292.jpg,3192.jpg,3292.json,3192.json
3293,3193,3293.jpg,3193.jpg,3293.json,3193.json
3294,3194,3294.jpg,3194.jpg,3294.json,3194.json
3295,3195,3295.jpg,3195.jpg,3295.json,3195.json
3296,3196,3296.jpg,3196.jpg,3296.json,3196.json
3297,3197,3297.jpg,3197.jpg,3297.json,3197.json
3298,3198,3298.jpg,3198.jpg,3298.json,3198.json
3299,3199,3299.jpg,3199.jpg,3299.json,3199.json
3300,3200,3300.jpg,3200.jpg,3300.json,3200.json
3301,3201,3301.jpg,3201.jpg,3301.json,3201.json
3302,3202,3302.jpg,3202.jpg,3302.json,3202.json
3303,3203,3303.jpg,3203.jpg,3303.json,3203.json
3304,3204,3304.jpg,3204.jpg,3304.json,3204.json
3306,3205,3306.jpg,3205.jpg,3306.json,3205.json
3308,3206,3308.jpg,3206.jpg,3308.json,3206.json
3309,3207,3309.jpg,3207.jpg,3309.json,3207.json
3310,3208,3310.jpg,3208.jpg,3310.json,3208.json
3311,3209,3311.jpg,3209.jpg,3311.json,3209.json
3313,3210,3313.jpg,3210.jpg,3313.json,3210.json
3314,3211,3314.jpg,3211.jpg,3314.json,3211.json
3315,3212,3315.jpg,3212.jpg,3315.json,3212.json
3316,3213,3316.jpg,3213.jpg,3316.json,3213.json
3317,3214,3317.jpg,3214.jpg,3317.json,3214.json
3318,3215,3318.jpg,3215.jpg,3318.json,3215.json
3319,3216,3319.jpg,3216.jpg,3319.json,3216.json
3320,3217,3320.jpg,3217.jpg,3320.json,3217.json
3321,3218,3321.jpg,3218.jpg,3321.json,3218.json
3322,3219,3322.jpg,3219.jpg,3322.json,3219.json
3323,3220,3323.jpg,3220.jpg,3323.json,3220.json
3324,3221,3324.jpg,3221.jpg,3324.json,3221.json
3325,3222,3325.jpg,3222.jpg,3325.json,3222.json
3326,3223,3326.jpg,3223.jpg,3326.json,3223.json
3327,3224,3327.jpg,3224.jpg,3327.json,3224.json
3328,3225,3328.jpg,3225.jpg,3328.json,3225.json
3329,3226,3329.jpg,3226.jpg,3329.json,3226.json
3330,3227,3330.jpg,3227.jpg,3330.json,3227.json
3331,3228,3331.jpg,3228.jpg,3331.json,3228.json
3332,3229,3332.jpg,3229.jpg,3332.json,3229.json
3333,3230,3333.jpg,3230.jpg,3333.json,3230.json
3334,3231,3334.jpg,3231.jpg,3334.json,3231.json
3335,3232,3335.jpg,3232.jpg,3335.json,3232.json
3336,3233,3336.jpg,3233.jpg,3336.json,3233.json
3337,3234,3337.jpg,3234.jpg,3337.json,3234.json
3338,3235,3338.jpg,3235.jpg,3338.json,3235.json
3339,3236,3339.jpg,3236.jpg,3339.json,3236.json
3340,3237,3340.jpg,3237.jpg,3340.json,3237.json
3342,3238,3342.jpg,3238.jpg,3342.json,3238.json
3343,3239,3343.jpg,3239.jpg,3343.json,3239.json
3344,3240,3344.jpg,3240.jpg,3344.json,3240.json
3345,3241,3345.jpg,3241.jpg,3345.json,3241.json
3346,3242,3346.jpg,3242.jpg,3346.json,3242.json
3347,3243,3347.jpg,3243.jpg,3347.json,3243.json
3348,3244,3348.jpg,3244.jpg,3348.json,3244.json
3349,3245,3349.jpg,3245.jpg,3349.json,3245.json
3350,3246,3350.jpg,3246.jpg,3350.json,3246.json
3351,3247,3351.jpg,3247.jpg,3351.json,3247.json
3352,3248,3352.jpg,3248.jpg,3352.json,3248.json
3353,3249,3353.jpg,3249.jpg,3353.json,3249.json
3354,3250,3354.jpg,3250.jpg,3354.json,3250.json
3355,3251,3355.jpg,3251.jpg,3355.json,3251.json
3356,3252,3356.jpg,3252.jpg,3356.json,3252.json
3357,3253,3357.jpg,3253.jpg,3357.json,3253.json
3359,3254,3359.jpg,3254.jpg,3359.json,3254.json
3362,3255,3362.jpg,3255.jpg,3362.json,3255.json
3363,3256,3363.jpg,3256.jpg,3363.json,3256.json
3364,3257,3364.jpg,3257.jpg,3364.json,3257.json
3365,3258,3365.jpg,3258.jpg,3365.json,3258.json
3366,3259,3366.jpg,3259.jpg,3366.json,3259.json
3367,3260,3367.jpg,3260.jpg,3367.json,3260.json
3368,3261,3368.jpg,3261.jpg,3368.json,3261.json
3369,3262,3369.jpg,3262.jpg,3369.json,3262.json
3370,3263,3370.jpg,3263.jpg,3370.json,3263.json
3371,3264,3371.jpg,3264.jpg,3371.json,3264.json
3373,3265,3373.jpg,3265.jpg,3373.json,3265.json
3374,3266,3374.jpg,3266.jpg,3374.json,3266.json
3375,3267,3375.jpg,3267.jpg,3375.json,3267.json
3376,3268,3376.jpg,3268.jpg,3376.json,3268.json
3377,3269,3377.jpg,3269.jpg,3377.json,3269.json
3378,3270,3378.jpg,3270.jpg,3378.json,3270.json
3379,3271,3379.jpg,3271.jpg,3379.json,3271.json
3380,3272,3380.jpg,3272.jpg,3380.json,3272.json
3381,3273,3381.jpg,3273.jpg,3381.json,3273.json
3382,3274,3382.jpg,3274.jpg,3382.json,3274.json
3383,3275,3383.jpg,3275.jpg,3383.json,3275.json
3384,3276,3384.jpg,3276.jpg,3384.json,3276.json
3385,3277,3385.jpg,3277.jpg,3385.json,3277.json
3386,3278,3386.jpg,3278.jpg,3386.json,3278.json
3387,3279,3387.jpg,3279.jpg,3387.json,3279.json
3388,3280,3388.jpg,3280.jpg,3388.json,3280.json
3389,3281,3389.jpg,3281.jpg,3389.json,3281.json
3390,3282,3390.jpg,3282.jpg,3390.json,3282.json
3391,3283,3391.jpg,3283.jpg,3391.json,3283.json
3392,3284,3392.jpg,3284.jpg,3392.json,3284.json
3393,3285,3393.jpg,3285.jpg,3393.json,3285.json
3394,3286,3394.jpg,3286.jpg,3394.json,3286.json
3395,3287,3395.jpg,3287.jpg,3395.json,3287.json
3396,3288,3396.jpg,3288.jpg,3396.json,3288.json
3397,3289,3397.jpg,3289.jpg,3397.json,3289.json
3399,3290,3399.jpg,3290.jpg,3399.json,3290.json
3501,3291,3501.jpg,3291.jpg,3501.json,3291.json
3502,3292,3502.jpg,3292.jpg,3502.json,3292.json
3503,3293,3503.jpg,3293.jpg,3503.json,3293.json
3504,3294,3504.jpg,3294.jpg,3504.json,3294.json
3505,3295,3505.jpg,3295.jpg,3505.json,3295.json
3506,3296,3506.jpg,3296.jpg,3506.json,3296.json
3507,3297,3507.jpg,3297.jpg,3507.json,3297.json
3508,3298,3508.jpg,3298.jpg,3508.json,3298.json
3509,3299,3509.jpg,3299.jpg,3509.json,3299.json
3510,3300,3510.jpg,3300.jpg,3510.json,3300.json
3511,3301,3511.jpg,3301.jpg,3511.json,3301.json
3512,3302,3512.jpg,3302.jpg,3512.json,3302.json
3513,3303,3513.jpg,3303.jpg,3513.json,3303.json
3515,3304,3515.jpg,3304.jpg,3515.json,3304.json
3516,3305,3516.jpg,3305.jpg,3516.json,3305.json
3517,3306,3517.jpg,3306.jpg,3517.json,3306.json
3518,3307,3518.jpg,3307.jpg,3518.json,3307.json
3519,3308,3519.jpg,3308.jpg,3519.json,3308.json
3520,3309,3520.jpg,3309.jpg,3520.json,3309.json
3521,3310,3521.jpg,3310.jpg,3521.json,3310.json
3522,3311,3522.jpg,3311.jpg,3522.json,3311.json
3523,3312,3523.jpg,3312.jpg,3523.json,3312.json
3524,3313,3524.jpg,3313.jpg,3524.json,3313.json
3525,3314,3525.jpg,3314.jpg,3525.json,3314.json
3526,3315,3526.jpg,3315.jpg,3526.json,3315.json
3527,3316,3527.jpg,3316.jpg,3527.json,3316.json
3528,3317,3528.jpg,3317.jpg,3528.json,3317.json
3529,3318,3529.jpg,3318.jpg,3529.json,3318.json
3530,3319,3530.jpg,3319.jpg,3530.json,3319.json
3531,3320,3531.jpg,3320.jpg,3531.json,3320.json
3532,3321,3532.jpg,3321.jpg,3532.json,3321.json
3533,3322,3533.jpg,3322.jpg,3533.json,3322.json
3534,3323,3534.jpg,3323.jpg,3534.json,3323.json
3535,3324,3535.jpg,3324.jpg,3535.json,3324.json
3536,3325,3536.jpg,3325.jpg,3536.json,3325.json
3537,3326,3537.jpg,3326.jpg,3537.json,3326.json
3538,3327,3538.jpg,3327.jpg,3538.json,3327.json
3539,3328,3539.jpg,3328.jpg,3539.json,3328.json
3540,3329,3540.jpg,3329.jpg,3540.json,3329.json
3541,3330,3541.jpg,3330.jpg,3541.json,3330.json
3542,3331,3542.jpg,3331.jpg,3542.json,3331.json
3543,3332,3543.jpg,3332.jpg,3543.json,3332.json
3544,3333,3544.jpg,3333.jpg,3544.json,3333.json
3545,3334,3545.jpg,3334.jpg,3545.json,3334.json
3546,3335,3546.jpg,3335.jpg,3546.json,3335.json
3547,3336,3547.jpg,3336.jpg,3547.json,3336.json
3548,3337,3548.jpg,3337.jpg,3548.json,3337.json
3549,3338,3549.jpg,3338.jpg,3549.json,3338.json
3550,3339,3550.jpg,3339.jpg,3550.json,3339.json
3551,3340,3551.jpg,3340.jpg,3551.json,3340.json
3552,3341,3552.jpg,3341.jpg,3552.json,3341.json
3553,3342,3553.jpg,3342.jpg,3553.json,3342.json
3554,3343,3554.jpg,3343.jpg,3554.json,3343.json
3555,3344,3555.jpg,3344.jpg,3555.json,3344.json
3556,3345,3556.jpg,3345.jpg,3556.json,3345.json
3557,3346,3557.jpg,3346.jpg,3557.json,3346.json
3558,3347,3558.jpg,3347.jpg,3558.json,3347.json
3559,3348,3559.jpg,3348.jpg,3559.json,3348.json
3560,3349,3560.jpg,3349.jpg,3560.json,3349.json
3561,3350,3561.jpg,3350.jpg,3561.json,3350.json
3562,3351,3562.jpg,3351.jpg,3562.json,3351.json
3563,3352,3563.jpg,3352.jpg,3563.json,3352.json
3564,3353,3564.jpg,3353.jpg,3564.json,3353.json
3565,3354,3565.jpg,3354.jpg,3565.json,3354.json
3566,3355,3566.jpg,3355.jpg,3566.json,3355.json
3567,3356,3567.jpg,3356.jpg,3567.json,3356.json
3568,3357,3568.jpg,3357.jpg,3568.json,3357.json
3569,3358,3569.jpg,3358.jpg,3569.json,3358.json
3570,3359,3570.jpg,3359.jpg,3570.json,3359.json
3571,3360,3571.jpg,3360.jpg,3571.json,3360.json
3572,3361,3572.jpg,3361.jpg,3572.json,3361.json
3573,3362,3573.jpg,3362.jpg,3573.json,3362.json
3574,3363,3574.jpg,3363.jpg,3574.json,3363.json
3575,3364,3575.jpg,3364.jpg,3575.json,3364.json
3576,3365,3576.jpg,3365.jpg,3576.json,3365.json
3577,3366,3577.jpg,3366.jpg,3577.json,3366.json
3578,3367,3578.jpg,3367.jpg,3578.json,3367.json
3579,3368,3579.jpg,3368.jpg,3579.json,3368.json
3580,3369,3580.jpg,3369.jpg,3580.json,3369.json
3581,3370,3581.jpg,3370.jpg,3581.json,3370.json
3582,3371,3582.jpg,3371.jpg,3582.json,3371.json
3583,3372,3583.jpg,3372.jpg,3583.json,3372.json
3584,3373,3584.jpg,3373.jpg,3584.json,3373.json
3585,3374,3585.jpg,3374.jpg,3585.json,3374.json
3586,3375,3586.jpg,3375.jpg,3586.json,3375.json
3587,3376,3587.jpg,3376.jpg,3587.json,3376.json
3588,3377,3588.jpg,3377.jpg,3588.json,3377.json
3589,3378,3589.jpg,3378.jpg,3589.json,3378.json
3590,3379,3590.jpg,3379.jpg,3590.json,3379.json
3591,3380,3591.jpg,3380.jpg,3591.json,3380.json
3592,3381,3592.jpg,3381.jpg,3592.json,3381.json
3593,3382,3593.jpg,3382.jpg,3593.json,3382.json
3594,3383,3594.jpg,3383.jpg,3594.json,3383.json
3595,3384,3595.jpg,3384.jpg,3595.json,3384.json
3596,3385,3596.jpg,3385.jpg,3596.json,3385.json
3597,3386,3597.jpg,3386.jpg,3597.json,3386.json
3598,3387,3598.jpg,3387.jpg,3598.json,3387.json
3599,3388,3599.jpg,3388.jpg,3599.json,3388.json
3600,3389,3600.jpg,3389.jpg,3600.json,3389.json
3601,3390,3601.jpg,3390.jpg,3601.json,3390.json
3602,3391,3602.jpg,3391.jpg,3602.json,3391.json
3603,3392,3603.jpg,3392.jpg,3603.json,3392.json
3604,3393,3604.jpg,3393.jpg,3604.json,3393.json
3605,3394,3605.jpg,3394.jpg,3605.json,3394.json
3606,3395,3606.jpg,3395.jpg,3606.json,3395.json
3607,3396,3607.jpg,3396.jpg,3607.json,3396.json
3608,3397,3608.jpg,3397.jpg,3608.json,3397.json
3609,3398,3609.jpg,3398.jpg,3609.json,3398.json
3610,3399,3610.jpg,3399.jpg,3610.json,3399.json
3611,3400,3611.jpg,3400.jpg,3611.json,3400.json
3612,3401,3612.jpg,3401.jpg,3612.json,3401.json
3613,3402,3613.jpg,3402.jpg,3613.json,3402.json
3614,3403,3614.jpg,3403.jpg,3614.json,3403.json
3615,3404,3615.jpg,3404.jpg,3615.json,3404.json
3616,3405,3616.jpg,3405.jpg,3616.json,3405.json
3617,3406,3617.jpg,3406.jpg,3617.json,3406.json
3618,3407,3618.jpg,3407.jpg,3618.json,3407.json
3619,3408,3619.jpg,3408.jpg,3619.json,3408.json
3620,3409,3620.jpg,3409.jpg,3620.json,3409.json
3621,3410,3621.jpg,3410.jpg,3621.json,3410.json
3622,3411,3622.jpg,3411.jpg,3622.json,3411.json
3623,3412,3623.jpg,3412.jpg,3623.json,3412.json
3624,3413,3624.jpg,3413.jpg,3624.json,3413.json
3625,3414,3625.jpg,3414.jpg,3625.json,3414.json
3626,3415,3626.jpg,3415.jpg,3626.json,3415.json
3627,3416,3627.jpg,3416.jpg,3627.json,3416.json
3628,3417,3628.jpg,3417.jpg,3628.json,3417.json
3629,3418,3629.jpg,3418.jpg,3629.json,3418.json
3630,3419,3630.jpg,3419.jpg,3630.json,3419.json
3631,3420,3631.jpg,3420.jpg,3631.json,3420.json
3632,3421,3632.jpg,3421.jpg,3632.json,3421.json
3633,3422,3633.jpg,3422.jpg,3633.json,3422.json
3634,3423,3634.jpg,3423.jpg,3634.json,3423.json
3635,3424,3635.jpg,3424.jpg,3635.json,3424.json
3636,3425,3636.jpg,3425.jpg,3636.json,3425.json
3637,3426,3637.jpg,3426.jpg,3637.json,3426.json
3638,3427,3638.jpg,3427.jpg,3638.json,3427.json
3639,3428,3639.jpg,3428.jpg,3639.json,3428.json
3640,3429,3640.jpg,3429.jpg,3640.json,3429.json
3641,3430,3641.jpg,3430.jpg,3641.json,3430.json
3642,3431,3642.jpg,3431.jpg,3642.json,3431.json
3643,3432,3643.jpg,3432.jpg,3643.json,3432.json
3644,3433,3644.jpg,3433.jpg,3644.json,3433.json
3645,3434,3645.jpg,3434.jpg,3645.json,3434.json
3646,3435,3646.jpg,3435.jpg,3646.json,3435.json
3647,3436,3647.jpg,3436.jpg,3647.json,3436.json
3648,3437,3648.jpg,3437.jpg,3648.json,3437.json
3650,3438,3650.jpg,3438.jpg,3650.json,3438.json
3652,3439,3652.jpg,3439.jpg,3652.json,3439.json
3655,3440,3655.jpg,3440.jpg,3655.json,3440.json
3656,3441,3656.jpg,3441.jpg,3656.json,3441.json
3658,3442,3658.jpg,3442.jpg,3658.json,3442.json
3659,3443,3659.jpg,3443.jpg,3659.json,3443.json
3660,3444,3660.jpg,3444.jpg,3660.json,3444.json
3661,3445,3661.jpg,3445.jpg,3661.json,3445.json
3662,3446,3662.jpg,3446.jpg,3662.json,3446.json
3663,3447,3663.jpg,3447.jpg,3663.json,3447.json
3664,3448,3664.jpg,3448.jpg,3664.json,3448.json
3667,3449,3667.png,3449.png,3667.json,3449.json
3668,3450,3668.png,3450.png,3668.json,3450.json
3669,3451,3669.png,3451.png,3669.json,3451.json
3670,3452,3670.png,3452.png,3670.json,3452.json
3672,3453,3672.png,3453.png,3672.json,3453.json
3673,3454,3673.png,3454.png,3673.json,3454.json
3674,3455,3674.png,3455.png,3674.json,3455.json
3675,3456,3675.png,3456.png,3675.json,3456.json
3676,3457,3676.png,3457.png,3676.json,3457.json
3677,3458,3677.png,3458.png,3677.json,3458.json
3678,3459,3678.png,3459.png,3678.json,3459.json
3679,3460,3679.png,3460.png,3679.json,3460.json
3680,3461,3680.png,3461.png,3680.json,3461.json
3681,3462,3681.png,3462.png,3681.json,3462.json
3682,3463,3682.png,3463.png,3682.json,3463.json
3683,3464,3683.png,3464.png,3683.json,3464.json
3684,3465,3684.png,3465.png,3684.json,3465.json
3685,3466,3685.png,3466.png,3685.json,3466.json
3686,3467,3686.png,3467.png,3686.json,3467.json
3687,3468,3687.png,3468.png,3687.json,3468.json
3688,3469,3688.png,3469.png,3688.json,3469.json
3689,3470,3689.png,3470.png,3689.json,3470.json
3690,3471,3690.png,3471.png,3690.json,3471.json
3691,3472,3691.png,3472.png,3691.json,3472.json
3692,3473,3692.png,3473.png,3692.json,3473.json
3693,3474,3693.png,3474.png,3693.json,3474.json
3694,3475,3694.png,3475.png,3694.json,3475.json
3695,3476,3695.png,3476.png,3695.json,3476.json
3696,3477,3696.png,3477.png,3696.json,3477.json
3697,3478,3697.png,3478.png,3697.json,3478.json
3698,3479,3698.png,3479.png,3698.json,3479.json
3699,3480,3699.png,3480.png,3699.json,3480.json
3700,3481,3700.png,3481.png,3700.json,3481.json
3701,3482,3701.png,3482.png,3701.json,3482.json
3702,3483,3702.png,3483.png,3702.json,3483.json
3703,3484,3703.png,3484.png,3703.json,3484.json
3704,3485,3704.png,3485.png,3704.json,3485.json
3705,3486,3705.png,3486.png,3705.json,3486.json
3706,3487,3706.png,3487.png,3706.json,3487.json
3707,3488,3707.png,3488.png,3707.json,3488.json
3708,3489,3708.png,3489.png,3708.json,3489.json
3709,3490,3709.png,3490.png,3709.json,3490.json
3710,3491,3710.png,3491.png,3710.json,3491.json
3711,3492,3711.png,3492.png,3711.json,3492.json
3712,3493,3712.png,3493.png,3712.json,3493.json
3713,3494,3713.png,3494.png,3713.json,3494.json
3714,3495,3714.png,3495.png,3714.json,3495.json
3715,3496,3715.png,3496.png,3715.json,3496.json
3716,3497,3716.png,3497.png,3716.json,3497.json
3717,3498,3717.png,3498.png,3717.json,3498.json
3718,3499,3718.png,3499.png,3718.json,3499.json
3719,3500,3719.png,3500.png,3719.json,3500.json
3720,3501,3720.png,3501.png,3720.json,3501.json
3721,3502,3721.png,3502.png,3721.json,3502.json
3722,3503,3722.png,3503.png,3722.json,3503.json
3723,3504,3723.png,3504.png,3723.json,3504.json
3724,3505,3724.png,3505.png,3724.json,3505.json
